<?xml version="1.0"?>
<!--<!DOCTYPE metadata SYSTEM "http://www.esri.com/metadata/esriprof80.dtd">-->
<metadata xml:lang="es"><Esri><MetaID>{9A41CDAD-817A-4BC1-B238-375BC6E8B78E}</MetaID><CreaDate>20151006</CreaDate><CreaTime>16130800</CreaTime><SyncOnce>TRUE</SyncOnce><DataProperties><lineage><Process ToolSource="C:\Program Files (x86)\ArcGIS\ArcToolbox\Toolboxes\Data Management Tools.tbx\Project" Date="20151006" Time="161308">Project ba_4326_perimetro_urbano_capitales_municipios_250000_20151006 "C:\PROYECTOS_2011\CAPAS BASE\CAPAS BÁSICAS FINALES\Base de Datos Postgis Publicada 2015\ba_4326_perimetro_urbano_cap.shp" GEOGCS['GCS_REGVEN',DATUM['D_REGVEN',SPHEROID['GRS_1980',6378137.0,298.257222101]],PRIMEM['Greenwich',0.0],UNIT['Degree',0.0174532925199433]] REGVEN_To_WGS_1984_1 GEOGCS['GCS_WGS_1984',DATUM['D_WGS_1984',SPHEROID['WGS_1984',6378137.0,298.257223563]],PRIMEM['Greenwich',0.0],UNIT['Degree',0.0174532925199433]]</Process></lineage></DataProperties></Esri></metadata>
